iterations,numThreads,type,microseconds
Tiny,1,native,11916
Tiny,2,native,7707
Tiny,4,native,6476
Tiny,6,native,5803
Tiny,8,native,5409
Tiny,10,native,5186
Tiny,12,native,7040
Tiny,14,native,11076
Tiny,16,native,5836
Tiny,18,native,10507
Tiny,20,native,9524
Tiny,22,native,3524
Tiny,24,native,5485
Small,1,native,447001
Small,2,native,236863
Small,4,native,129751
Small,6,native,136982
Small,8,native,133147
Small,10,native,58863
Small,12,native,51373
Small,14,native,46125
Small,16,native,40233
Small,18,native,37578
Small,20,native,39084
Small,22,native,38939
Small,24,native,36774
Big,1,native,3878855
Big,2,native,2612658
Big,4,native,984157
Big,6,native,784527
Big,8,native,923186
Big,10,native,761228
Big,12,native,408283
Big,14,native,631525
Big,16,native,301849
Big,18,native,425280
Big,20,native,269339
Big,22,native,319258
Big,24,native,311211
Tiny,1,native,8786
Tiny,2,native,6949
Tiny,4,native,5397
Tiny,6,native,4812
Tiny,8,native,5275
Tiny,10,native,6528
Tiny,12,native,8073
Tiny,14,native,4413
Tiny,16,native,7045
Tiny,18,native,6957
Tiny,20,native,8737
Tiny,22,native,3666
Tiny,24,native,4503
Small,1,native,538859
Small,2,native,264511
Small,4,native,130626
Small,6,native,89793
Small,8,native,71436
Small,10,native,59219
Small,12,native,52370
Small,14,native,58180
Small,16,native,43715
Small,18,native,38066
Small,20,native,44509
Small,22,native,36824
Small,24,native,38297
Big,1,native,4117894
Big,2,native,2627867
Big,4,native,1565600
Big,6,native,1080622
Big,8,native,665595
Big,10,native,701489
Big,12,native,711778
Big,14,native,358710
Big,16,native,391970
Big,18,native,532149
Big,20,native,516518
Big,22,native,341148
Big,24,native,314446
Tiny,1,native,10792
Tiny,2,native,8932
Tiny,4,native,5620
Tiny,6,native,5040
Tiny,8,native,4009
Tiny,10,native,4647
Tiny,12,native,6750
Tiny,14,native,8085
Tiny,16,native,7736
Tiny,18,native,10567
Tiny,20,native,9197
Tiny,22,native,2976
Tiny,24,native,3588
Small,1,native,541318
Small,2,native,278070
Small,4,native,130611
Small,6,native,91741
Small,8,native,72164
Small,10,native,59784
Small,12,native,50260
Small,14,native,53827
Small,16,native,42494
Small,18,native,37690
Small,20,native,52999
Small,22,native,40192
Small,24,native,42198
Big,1,native,3794367
Big,2,native,1908689
Big,4,native,1564799
Big,6,native,697472
Big,8,native,866659
Big,10,native,533889
Big,12,native,406833
Big,14,native,351177
Big,16,native,499819
Big,18,native,403473
Big,20,native,399821
Big,22,native,293688
Big,24,native,434903
Tiny,1,native,10062
Tiny,2,native,7875
Tiny,4,native,6362
Tiny,6,native,5834
Tiny,8,native,5517
Tiny,10,native,8190
Tiny,12,native,7726
Tiny,14,native,6376
Tiny,16,native,5202
Tiny,18,native,10295
Tiny,20,native,7076
Tiny,22,native,3515
Tiny,24,native,4443
Small,1,native,614600
Small,2,native,250405
Small,4,native,130353
Small,6,native,168997
Small,8,native,71634
Small,10,native,60071
Small,12,native,51221
Small,14,native,44627
Small,16,native,41770
Small,18,native,35835
Small,20,native,41114
Small,22,native,56712
Small,24,native,39495
Big,1,native,3829872
Big,2,native,2617933
Big,4,native,984567
Big,6,native,700824
Big,8,native,728587
Big,10,native,805039
Big,12,native,525228
Big,14,native,463452
Big,16,native,350912
Big,18,native,275948
Big,20,native,386439
Big,22,native,322753
Big,24,native,275275
Tiny,1,native,5384
Tiny,2,native,5126
Tiny,4,native,4180
Tiny,6,native,4185
Tiny,8,native,5099
Tiny,10,native,3511
Tiny,12,native,3717
Tiny,14,native,6660
Tiny,16,native,7324
Tiny,18,native,6047
Tiny,20,native,11928
Tiny,22,native,3703
Tiny,24,native,2983
Small,1,native,382484
Small,2,native,203101
Small,4,native,129687
Small,6,native,91631
Small,8,native,72013
Small,10,native,58576
Small,12,native,49749
Small,14,native,45105
Small,16,native,40116
Small,18,native,45154
Small,20,native,40461
Small,22,native,35506
Small,24,native,37764
Big,1,native,3740867
Big,2,native,2622365
Big,4,native,980243
Big,6,native,808394
Big,8,native,911073
Big,10,native,698489
Big,12,native,699803
Big,14,native,352182
Big,16,native,589511
Big,18,native,279425
Big,20,native,339066
Big,22,native,329907
Big,24,native,295033
Tiny,1,native,9335
Tiny,2,native,6088
Tiny,4,native,5429
Tiny,6,native,4464
Tiny,8,native,4091
Tiny,10,native,6279
Tiny,12,native,5497
Tiny,14,native,4170
Tiny,16,native,7824
Tiny,18,native,9174
Tiny,20,native,9263
Tiny,22,native,3234
Tiny,24,native,2928
Small,1,native,375678
Small,2,native,243763
Small,4,native,197231
Small,6,native,90610
Small,8,native,69522
Small,10,native,58870
Small,12,native,51191
Small,14,native,61344
Small,16,native,42633
Small,18,native,36604
Small,20,native,41397
Small,22,native,35892
Small,24,native,38586
Big,1,native,3736029
Big,2,native,2608908
Big,4,native,979260
Big,6,native,700942
Big,8,native,761733
Big,10,native,483593
Big,12,native,407009
Big,14,native,625598
Big,16,native,304252
Big,18,native,402771
Big,20,native,248690
Big,22,native,368378
Big,24,native,328958
Tiny,1,native,9883
Tiny,2,native,7374
Tiny,4,native,4676
Tiny,6,native,4317
Tiny,8,native,4380
Tiny,10,native,5069
Tiny,12,native,7680
Tiny,14,native,4670
Tiny,16,native,6732
Tiny,18,native,8015
Tiny,20,native,9760
Tiny,22,native,3541
Tiny,24,native,3485
Small,1,native,479809
Small,2,native,248886
Small,4,native,130329
Small,6,native,91539
Small,8,native,71721
Small,10,native,57680
Small,12,native,51178
Small,14,native,45777
Small,16,native,39796
Small,18,native,49332
Small,20,native,44055
Small,22,native,42745
Small,24,native,38543
Big,1,native,3816416
Big,2,native,2615915
Big,4,native,1325669
Big,6,native,1168640
Big,8,native,587890
Big,10,native,556929
Big,12,native,553008
Big,14,native,516342
Big,16,native,441460
Big,18,native,280989
Big,20,native,268651
Big,22,native,293106
Big,24,native,282476
Tiny,1,native,7993
Tiny,2,native,5449
Tiny,4,native,5686
Tiny,6,native,3451
Tiny,8,native,3625
Tiny,10,native,4299
Tiny,12,native,6917
Tiny,14,native,6183
Tiny,16,native,4588
Tiny,18,native,11120
Tiny,20,native,7808
Tiny,22,native,3605
Tiny,24,native,3585
Small,1,native,621869
Small,2,native,204169
Small,4,native,108240
Small,6,native,91696
Small,8,native,97842
Small,10,native,59235
Small,12,native,51689
Small,14,native,46126
Small,16,native,40117
Small,18,native,37602
Small,20,native,31814
Small,22,native,36843
Small,24,native,38408
Big,1,native,4099293
Big,2,native,1914344
Big,4,native,1565179
Big,6,native,1169773
Big,8,native,603634
Big,10,native,661104
Big,12,native,699255
Big,14,native,352716
Big,16,native,589919
Big,18,native,279147
Big,20,native,348427
Big,22,native,319251
Big,24,native,295454
Tiny,1,native,8436
Tiny,2,native,6911
Tiny,4,native,4628
Tiny,6,native,3846
Tiny,8,native,4234
Tiny,10,native,4328
Tiny,12,native,6546
Tiny,14,native,7009
Tiny,16,native,12208
Tiny,18,native,5912
Tiny,20,native,9759
Tiny,22,native,4274
Tiny,24,native,3742
Small,1,native,547136
Small,2,native,420362
Small,4,native,131843
Small,6,native,170831
Small,8,native,70986
Small,10,native,59566
Small,12,native,49354
Small,14,native,44694
Small,16,native,42523
Small,18,native,36594
Small,20,native,35797
Small,22,native,53367
Small,24,native,36692
Big,1,native,3849064
Big,2,native,2610604
Big,4,native,1013545
Big,6,native,708473
Big,8,native,786934
Big,10,native,485873
Big,12,native,406653
Big,14,native,633023
Big,16,native,308035
Big,18,native,461318
Big,20,native,322380
Big,22,native,300285
Big,24,native,339521
Tiny,1,native,8694
Tiny,2,native,7698
Tiny,4,native,5087
Tiny,6,native,3995
Tiny,8,native,5334
Tiny,10,native,4438
Tiny,12,native,7459
Tiny,14,native,4918
Tiny,16,native,6819
Tiny,18,native,8057
Tiny,20,native,11206
Tiny,22,native,3819
Tiny,24,native,3351
Small,1,native,615327
Small,2,native,246694
Small,4,native,130546
Small,6,native,92029
Small,8,native,118685
Small,10,native,58972
Small,12,native,51493
Small,14,native,47511
Small,16,native,41787
Small,18,native,37580
Small,20,native,50199
Small,22,native,40093
Small,24,native,45837
Big,1,native,4154498
Big,2,native,2317389
Big,4,native,1566277
Big,6,native,700652
Big,8,native,898136
Big,10,native,483776
Big,12,native,407362
Big,14,native,326301
Big,16,native,456622
Big,18,native,288335
Big,20,native,250979
Big,22,native,295238
Big,24,native,284607
Tiny,1,native,7412
Tiny,2,native,5499
Tiny,4,native,4190
Tiny,6,native,4081
Tiny,8,native,3044
Tiny,10,native,6002
Tiny,12,native,5205
Tiny,14,native,6887
Tiny,16,native,4387
Tiny,18,native,6788
Tiny,20,native,10679
Tiny,22,native,3563
Tiny,24,native,3025
Small,1,native,674399
Small,2,native,212609
Small,4,native,108164
Small,6,native,152620
Small,8,native,67056
Small,10,native,59883
Small,12,native,49560
Small,14,native,44426
Small,16,native,40566
Small,18,native,36611
Small,20,native,40674
Small,22,native,37148
Small,24,native,48968
Big,1,native,3814697
Big,2,native,2629992
Big,4,native,1563820
Big,6,native,742983
Big,8,native,844805
Big,10,native,480109
Big,12,native,408525
Big,14,native,348247
Big,16,native,521354
Big,18,native,451615
Big,20,native,356743
Big,22,native,336271
Big,24,native,341056
Tiny,1,native,11250
Tiny,2,native,7477
Tiny,4,native,5035
Tiny,6,native,4707
Tiny,8,native,4415
Tiny,10,native,4679
Tiny,12,native,6584
Tiny,14,native,4212
Tiny,16,native,8494
Tiny,18,native,7521
Tiny,20,native,6728
Tiny,22,native,4943
Tiny,24,native,5020
Small,1,native,681473
Small,2,native,237097
Small,4,native,144155
Small,6,native,89927
Small,8,native,71314
Small,10,native,60060
Small,12,native,51989
Small,14,native,47006
Small,16,native,55040
Small,18,native,37816
Small,20,native,34446
Small,22,native,46102
Small,24,native,38593
Big,1,native,3770145
Big,2,native,2625022
Big,4,native,1564785
Big,6,native,713443
Big,8,native,733433
Big,10,native,807230
Big,12,native,628964
Big,14,native,624437
Big,16,native,308996
Big,18,native,403214
Big,20,native,260347
Big,22,native,338529
Big,24,native,295880
Tiny,1,native,9838
Tiny,2,native,8601
Tiny,4,native,4659
Tiny,6,native,4259
Tiny,8,native,3260
Tiny,10,native,7286
Tiny,12,native,7145
Tiny,14,native,4854
Tiny,16,native,5396
Tiny,18,native,6060
Tiny,20,native,11526
Tiny,22,native,3803
Tiny,24,native,3763
Small,1,native,376879
Small,2,native,212191
Small,4,native,130914
Small,6,native,118383
Small,8,native,70954
Small,10,native,59720
Small,12,native,51990
Small,14,native,43345
Small,16,native,42109
Small,18,native,37923
Small,20,native,47143
Small,22,native,38636
Small,24,native,34108
Big,1,native,4144334
Big,2,native,1913685
Big,4,native,981552
Big,6,native,706807
Big,8,native,701395
Big,10,native,801154
Big,12,native,535810
Big,14,native,433880
Big,16,native,309585
Big,18,native,283143
Big,20,native,283264
Big,22,native,293359
Big,24,native,304194
Tiny,1,native,11150
Tiny,2,native,6405
Tiny,4,native,5106
Tiny,6,native,4019
Tiny,8,native,4295
Tiny,10,native,5074
Tiny,12,native,7509
Tiny,14,native,10870
Tiny,16,native,8249
Tiny,18,native,7983
Tiny,20,native,4418
Tiny,22,native,3922
Tiny,24,native,3277
Small,1,native,381047
Small,2,native,249792
Small,4,native,139083
Small,6,native,89289
Small,8,native,70701
Small,10,native,59539
Small,12,native,52022
Small,14,native,46213
Small,16,native,39891
Small,18,native,35991
Small,20,native,32871
Small,22,native,35502
Small,24,native,48726
Big,1,native,3752074
Big,2,native,2537400
Big,4,native,1570004
Big,6,native,1168874
Big,8,native,607656
Big,10,native,524190
Big,12,native,534455
Big,14,native,391235
Big,16,native,308279
Big,18,native,511696
Big,20,native,464483
Big,22,native,380823
Big,24,native,365487
Tiny,1,native,9391
Tiny,2,native,6287
Tiny,4,native,6433
Tiny,6,native,4292
Tiny,8,native,4735
Tiny,10,native,4969
Tiny,12,native,7690
Tiny,14,native,4881
Tiny,16,native,8515
Tiny,18,native,6183
Tiny,20,native,7211
Tiny,22,native,4013
Tiny,24,native,5505
Small,1,native,571536
Small,2,native,290843
Small,4,native,129446
Small,6,native,91133
Small,8,native,71683
Small,10,native,63626
Small,12,native,49618
Small,14,native,45644
Small,16,native,40418
Small,18,native,35058
Small,20,native,35373
Small,22,native,39769
Small,24,native,38234
Big,1,native,3853301
Big,2,native,1908722
Big,4,native,978574
Big,6,native,1170551
Big,8,native,880481
Big,10,native,482850
Big,12,native,406727
Big,14,native,618680
Big,16,native,319316
Big,18,native,419233
Big,20,native,262073
Big,22,native,302787
Big,24,native,302318
Tiny,1,native,9848
Tiny,2,native,6549
Tiny,4,native,4598
Tiny,6,native,5581
Tiny,8,native,4732
Tiny,10,native,6949
Tiny,12,native,6815
Tiny,14,native,7605
Tiny,16,native,7082
Tiny,18,native,6799
Tiny,20,native,9651
Tiny,22,native,3925
Tiny,24,native,3921
Small,1,native,518287
Small,2,native,236156
Small,4,native,255498
Small,6,native,91956
Small,8,native,71966
Small,10,native,59788
Small,12,native,59996
Small,14,native,49451
Small,16,native,41467
Small,18,native,34796
Small,20,native,33905
Small,22,native,37927
Small,24,native,38150
Big,1,native,4104766
Big,2,native,2630660
Big,4,native,1443690
Big,6,native,1171030
Big,8,native,672396
Big,10,native,662538
Big,12,native,704099
Big,14,native,359579
Big,16,native,311434
Big,18,native,379664
Big,20,native,257729
Big,22,native,389366
Big,24,native,327281
Tiny,1,native,9299
Tiny,2,native,7036
Tiny,4,native,3870
Tiny,6,native,5325
Tiny,8,native,5178
Tiny,10,native,7716
Tiny,12,native,4379
Tiny,14,native,5901
Tiny,16,native,10102
Tiny,18,native,9020
Tiny,20,native,6408
Tiny,22,native,3308
Tiny,24,native,3562
Small,1,native,544717
Small,2,native,290151
Small,4,native,129962
Small,6,native,91343
Small,8,native,69263
Small,10,native,58660
Small,12,native,53411
Small,14,native,74116
Small,16,native,67528
Small,18,native,39692
Small,20,native,44775
Small,22,native,45888
Small,24,native,44673
Big,1,native,4137772
Big,2,native,2607298
Big,4,native,990456
Big,6,native,705086
Big,8,native,911055
Big,10,native,568982
Big,12,native,478002
Big,14,native,549981
Big,16,native,520361
Big,18,native,466174
Big,20,native,375076
Big,22,native,342913
Big,24,native,319646
Tiny,1,native,7436
Tiny,2,native,7174
Tiny,4,native,5051
Tiny,6,native,4730
Tiny,8,native,4102
Tiny,10,native,6481
Tiny,12,native,7502
Tiny,14,native,6592
Tiny,16,native,6566
Tiny,18,native,12801
Tiny,20,native,10820
Tiny,22,native,3634
Tiny,24,native,4151
Small,1,native,704559
Small,2,native,245549
Small,4,native,203182
Small,6,native,91939
Small,8,native,72115
Small,10,native,59422
Small,12,native,50733
Small,14,native,44940
Small,16,native,40842
Small,18,native,58155
Small,20,native,53017
Small,22,native,38232
Small,24,native,38113
Big,1,native,3808967
Big,2,native,1912591
Big,4,native,1565073
Big,6,native,1169768
Big,8,native,601877
Big,10,native,628439
Big,12,native,688015
Big,14,native,354957
Big,16,native,566278
Big,18,native,549725
Big,20,native,250227
Big,22,native,328106
Big,24,native,325560
Tiny,1,native,11193
Tiny,2,native,8891
Tiny,4,native,5148
Tiny,6,native,5243
Tiny,8,native,4765
Tiny,10,native,7481
Tiny,12,native,4936
Tiny,14,native,7853
Tiny,16,native,14853
Tiny,18,native,9303
Tiny,20,native,6422
Tiny,22,native,2814
Tiny,24,native,3120
Small,1,native,433262
Small,2,native,492520
Small,4,native,226508
Small,6,native,90696
Small,8,native,71482
Small,10,native,59858
Small,12,native,51907
Small,14,native,44328
Small,16,native,39635
Small,18,native,45676
Small,20,native,42647
Small,22,native,36554
Small,24,native,40366
Big,1,native,3751183
Big,2,native,2609609
Big,4,native,979912
Big,6,native,697262
Big,8,native,906304
Big,10,native,500047
Big,12,native,416919
Big,14,native,349647
Big,16,native,560543
Big,18,native,551302
Big,20,native,260923
Big,22,native,330128
Big,24,native,331847
Tiny,1,native,9326
Tiny,2,native,6478
Tiny,4,native,5470
Tiny,6,native,5574
Tiny,8,native,4636
Tiny,10,native,6709
Tiny,12,native,7110
Tiny,14,native,6776
Tiny,16,native,7400
Tiny,18,native,8848
Tiny,20,native,10297
Tiny,22,native,3269
Tiny,24,native,3163
Small,1,native,456859
Small,2,native,231506
Small,4,native,134818
Small,6,native,88555
Small,8,native,87980
Small,10,native,59619
Small,12,native,51889
Small,14,native,47016
Small,16,native,38978
Small,18,native,37052
Small,20,native,39798
Small,22,native,38262
Small,24,native,38190
Big,1,native,4128182
Big,2,native,1912491
Big,4,native,1565336
Big,6,native,705306
Big,8,native,649166
Big,10,native,780799
Big,12,native,409358
Big,14,native,350121
Big,16,native,531056
Big,18,native,493903
Big,20,native,431001
Big,22,native,372146
Big,24,native,310775
Tiny,1,wasm,19200
Tiny,2,wasm,10307
Tiny,4,wasm,8400
Tiny,6,wasm,8808
Tiny,8,wasm,11469
Tiny,10,wasm,12762
Tiny,12,wasm,13059
Tiny,14,wasm,15319
Tiny,16,wasm,14674
Tiny,18,wasm,17023
Tiny,20,wasm,23998
Tiny,22,wasm,22867
Tiny,24,wasm,23949
Small,1,wasm,361872
Small,2,wasm,432491
Small,4,wasm,123545
Small,6,wasm,86362
Small,8,wasm,67964
Small,10,wasm,57637
Small,12,wasm,52555
Small,14,wasm,48768
Small,16,wasm,65289
Small,18,wasm,42676
Small,20,wasm,46783
Small,22,wasm,70697
Small,24,wasm,86305
Big,1,wasm,3613538
Big,2,wasm,2729054
Big,4,wasm,1503652
Big,6,wasm,1129394
Big,8,wasm,570666
Big,10,wasm,531302
Big,12,wasm,415405
Big,14,wasm,335086
Big,16,wasm,570772
Big,18,wasm,308304
Big,20,wasm,323582
Big,22,wasm,336436
Big,24,wasm,368950
Tiny,1,wasm,9368
Tiny,2,wasm,7329
Tiny,4,wasm,6649
Tiny,6,wasm,6660
Tiny,8,wasm,10230
Tiny,10,wasm,11254
Tiny,12,wasm,11548
Tiny,14,wasm,12336
Tiny,16,wasm,16569
Tiny,18,wasm,16339
Tiny,20,wasm,17654
Tiny,22,wasm,20028
Tiny,24,wasm,21474
Small,1,wasm,443124
Small,2,wasm,489885
Small,4,wasm,237627
Small,6,wasm,87667
Small,8,wasm,68303
Small,10,wasm,64233
Small,12,wasm,52040
Small,14,wasm,63778
Small,16,wasm,79607
Small,18,wasm,71076
Small,20,wasm,45515
Small,22,wasm,65055
Small,24,wasm,82360
Big,1,wasm,3991139
Big,2,wasm,1816285
Big,4,wasm,1491926
Big,6,wasm,1110545
Big,8,wasm,915273
Big,10,wasm,756393
Big,12,wasm,463075
Big,14,wasm,342243
Big,16,wasm,541343
Big,18,wasm,524505
Big,20,wasm,512493
Big,22,wasm,351102
Big,24,wasm,385222
Tiny,1,wasm,9896
Tiny,2,wasm,7323
Tiny,4,wasm,7985
Tiny,6,wasm,7466
Tiny,8,wasm,7858
Tiny,10,wasm,9575
Tiny,12,wasm,12429
Tiny,14,wasm,12883
Tiny,16,wasm,15079
Tiny,18,wasm,17119
Tiny,20,wasm,18866
Tiny,22,wasm,19590
Tiny,24,wasm,24703
Small,1,wasm,723532
Small,2,wasm,236811
Small,4,wasm,123671
Small,6,wasm,87066
Small,8,wasm,69402
Small,10,wasm,59344
Small,12,wasm,51438
Small,14,wasm,68442
Small,16,wasm,44446
Small,18,wasm,43279
Small,20,wasm,55554
Small,22,wasm,85981
Small,24,wasm,71878
Big,1,wasm,3634326
Big,2,wasm,2558270
Big,4,wasm,1495897
Big,6,wasm,1109613
Big,8,wasm,911774
Big,10,wasm,751019
Big,12,wasm,442022
Big,14,wasm,348937
Big,16,wasm,511567
Big,18,wasm,464745
Big,20,wasm,445646
Big,22,wasm,399613
Big,24,wasm,410067
Tiny,1,wasm,10276
Tiny,2,wasm,8915
Tiny,4,wasm,7372
Tiny,6,wasm,9664
Tiny,8,wasm,12773
Tiny,10,wasm,15021
Tiny,12,wasm,11677
Tiny,14,wasm,14901
Tiny,16,wasm,19137
Tiny,18,wasm,19937
Tiny,20,wasm,23193
Tiny,22,wasm,24060
Tiny,24,wasm,24370
Small,1,wasm,633773
Small,2,wasm,471432
Small,4,wasm,195638
Small,6,wasm,88029
Small,8,wasm,70434
Small,10,wasm,58827
Small,12,wasm,52585
Small,14,wasm,48073
Small,16,wasm,45776
Small,18,wasm,63490
Small,20,wasm,47842
Small,22,wasm,91705
Small,24,wasm,74142
Big,1,wasm,3920142
Big,2,wasm,2173271
Big,4,wasm,1502116
Big,6,wasm,1128754
Big,8,wasm,571105
Big,10,wasm,462766
Big,12,wasm,396532
Big,14,wasm,611079
Big,16,wasm,300021
Big,18,wasm,397304
Big,20,wasm,261507
Big,22,wasm,353241
Big,24,wasm,442527
Tiny,1,wasm,10280
Tiny,2,wasm,7003
Tiny,4,wasm,7537
Tiny,6,wasm,7436
Tiny,8,wasm,8033
Tiny,10,wasm,9315
Tiny,12,wasm,10618
Tiny,14,wasm,12516
Tiny,16,wasm,14743
Tiny,18,wasm,20316
Tiny,20,wasm,18048
Tiny,22,wasm,20227
Tiny,24,wasm,22005
Small,1,wasm,506858
Small,2,wasm,493854
Small,4,wasm,241259
Small,6,wasm,172287
Small,8,wasm,69843
Small,10,wasm,85901
Small,12,wasm,54969
Small,14,wasm,64149
Small,16,wasm,46804
Small,18,wasm,81611
Small,20,wasm,46968
Small,22,wasm,62385
Small,24,wasm,69919
Big,1,wasm,4186358
Big,2,wasm,2474661
Big,4,wasm,1065622
Big,6,wasm,858529
Big,8,wasm,572801
Big,10,wasm,477165
Big,12,wasm,389919
Big,14,wasm,337225
Big,16,wasm,425181
Big,18,wasm,374400
Big,20,wasm,245625
Big,22,wasm,388126
Big,24,wasm,410280
Tiny,1,wasm,8582
Tiny,2,wasm,8248
Tiny,4,wasm,6943
Tiny,6,wasm,7628
Tiny,8,wasm,8790
Tiny,10,wasm,10894
Tiny,12,wasm,11503
Tiny,14,wasm,15665
Tiny,16,wasm,13097
Tiny,18,wasm,16940
Tiny,20,wasm,17876
Tiny,22,wasm,20815
Tiny,24,wasm,22409
Small,1,wasm,601469
Small,2,wasm,474694
Small,4,wasm,203639
Small,6,wasm,171912
Small,8,wasm,134647
Small,10,wasm,85522
Small,12,wasm,52779
Small,14,wasm,49767
Small,16,wasm,69794
Small,18,wasm,49011
Small,20,wasm,50338
Small,22,wasm,72663
Small,24,wasm,72378
Big,1,wasm,4164357
Big,2,wasm,1810996
Big,4,wasm,1504113
Big,6,wasm,1127811
Big,8,wasm,698958
Big,10,wasm,655778
Big,12,wasm,682481
Big,14,wasm,342878
Big,16,wasm,570220
Big,18,wasm,276878
Big,20,wasm,279261
Big,22,wasm,325825
Big,24,wasm,379554
Tiny,1,wasm,8891
Tiny,2,wasm,10014
Tiny,4,wasm,8190
Tiny,6,wasm,7405
Tiny,8,wasm,8959
Tiny,10,wasm,12559
Tiny,12,wasm,11130
Tiny,14,wasm,14664
Tiny,16,wasm,14399
Tiny,18,wasm,15709
Tiny,20,wasm,18048
Tiny,22,wasm,21215
Tiny,24,wasm,21969
Small,1,wasm,766968
Small,2,wasm,242549
Small,4,wasm,240150
Small,6,wasm,88209
Small,8,wasm,68385
Small,10,wasm,65168
Small,12,wasm,53537
Small,14,wasm,49216
Small,16,wasm,46350
Small,18,wasm,50479
Small,20,wasm,75243
Small,22,wasm,72177
Small,24,wasm,77436
Big,1,wasm,3946359
Big,2,wasm,2548736
Big,4,wasm,1503545
Big,6,wasm,1128413
Big,8,wasm,572108
Big,10,wasm,464641
Big,12,wasm,388089
Big,14,wasm,610931
Big,16,wasm,361655
Big,18,wasm,484185
Big,20,wasm,392644
Big,22,wasm,460776
Big,24,wasm,435367
Tiny,1,wasm,14530
Tiny,2,wasm,10224
Tiny,4,wasm,8645
Tiny,6,wasm,8409
Tiny,8,wasm,9037
Tiny,10,wasm,10123
Tiny,12,wasm,13365
Tiny,14,wasm,16785
Tiny,16,wasm,19548
Tiny,18,wasm,23029
Tiny,20,wasm,24112
Tiny,22,wasm,25690
Tiny,24,wasm,26190
Small,1,wasm,696296
Small,2,wasm,242329
Small,4,wasm,124123
Small,6,wasm,131620
Small,8,wasm,68363
Small,10,wasm,57484
Small,12,wasm,53075
Small,14,wasm,45600
Small,16,wasm,51397
Small,18,wasm,46140
Small,20,wasm,78744
Small,22,wasm,79587
Small,24,wasm,79712
Big,1,wasm,3651114
Big,2,wasm,2548109
Big,4,wasm,1498764
Big,6,wasm,1119315
Big,8,wasm,1002721
Big,10,wasm,783762
Big,12,wasm,496598
Big,14,wasm,466919
Big,16,wasm,319678
Big,18,wasm,286751
Big,20,wasm,325282
Big,22,wasm,344923
Big,24,wasm,353829
Tiny,1,wasm,9043
Tiny,2,wasm,8891
Tiny,4,wasm,7182
Tiny,6,wasm,8120
Tiny,8,wasm,9249
Tiny,10,wasm,8970
Tiny,12,wasm,12372
Tiny,14,wasm,12839
Tiny,16,wasm,11804
Tiny,18,wasm,17084
Tiny,20,wasm,19981
Tiny,22,wasm,19837
Tiny,24,wasm,22192
Small,1,wasm,357027
Small,2,wasm,316201
Small,4,wasm,123961
Small,6,wasm,86575
Small,8,wasm,69054
Small,10,wasm,102700
Small,12,wasm,62190
Small,14,wasm,56303
Small,16,wasm,44295
Small,18,wasm,60085
Small,20,wasm,61305
Small,22,wasm,69013
Small,24,wasm,96318
Big,1,wasm,3644503
Big,2,wasm,2137904
Big,4,wasm,1485948
Big,6,wasm,1110993
Big,8,wasm,908071
Big,10,wasm,749641
Big,12,wasm,391687
Big,14,wasm,626829
Big,16,wasm,304971
Big,18,wasm,446719
Big,20,wasm,409936
Big,22,wasm,382940
Big,24,wasm,429297
Tiny,1,wasm,9733
Tiny,2,wasm,8884
Tiny,4,wasm,7578
Tiny,6,wasm,8230
Tiny,8,wasm,9958
Tiny,10,wasm,9897
Tiny,12,wasm,17559
Tiny,14,wasm,13471
Tiny,16,wasm,19404
Tiny,18,wasm,20846
Tiny,20,wasm,17552
Tiny,22,wasm,21595
Tiny,24,wasm,25989
Small,1,wasm,498594
Small,2,wasm,238339
Small,4,wasm,132361
Small,6,wasm,86439
Small,8,wasm,69708
Small,10,wasm,58414
Small,12,wasm,52322
Small,14,wasm,46605
Small,16,wasm,46300
Small,18,wasm,71495
Small,20,wasm,44855
Small,22,wasm,68069
Small,24,wasm,63857
Big,1,wasm,3921833
Big,2,wasm,2145289
Big,4,wasm,1499502
Big,6,wasm,1125885
Big,8,wasm,915596
Big,10,wasm,756410
Big,12,wasm,460037
Big,14,wasm,343695
Big,16,wasm,551646
Big,18,wasm,472549
Big,20,wasm,506832
Big,22,wasm,402873
Big,24,wasm,374655
Tiny,1,wasm,10844
Tiny,2,wasm,9176
Tiny,4,wasm,7709
Tiny,6,wasm,7944
Tiny,8,wasm,8306
Tiny,10,wasm,8965
Tiny,12,wasm,11687
Tiny,14,wasm,15588
Tiny,16,wasm,15283
Tiny,18,wasm,19819
Tiny,20,wasm,24835
Tiny,22,wasm,24444
Tiny,24,wasm,27241
Small,1,wasm,571515
Small,2,wasm,236693
Small,4,wasm,123790
Small,6,wasm,86710
Small,8,wasm,96808
Small,10,wasm,59413
Small,12,wasm,50738
Small,14,wasm,47901
Small,16,wasm,69509
Small,18,wasm,44486
Small,20,wasm,58834
Small,22,wasm,67494
Small,24,wasm,66202
Big,1,wasm,3674599
Big,2,wasm,2532163
Big,4,wasm,1215294
Big,6,wasm,1130330
Big,8,wasm,695866
Big,10,wasm,668863
Big,12,wasm,683095
Big,14,wasm,338443
Big,16,wasm,573919
Big,18,wasm,284649
Big,20,wasm,360652
Big,22,wasm,363523
Big,24,wasm,346218
Tiny,1,wasm,9170
Tiny,2,wasm,8835
Tiny,4,wasm,6507
Tiny,6,wasm,6824
Tiny,8,wasm,9460
Tiny,10,wasm,9332
Tiny,12,wasm,12698
Tiny,14,wasm,14492
Tiny,16,wasm,14109
Tiny,18,wasm,14383
Tiny,20,wasm,18035
Tiny,22,wasm,20813
Tiny,24,wasm,22524
Small,1,wasm,359304
Small,2,wasm,389137
Small,4,wasm,124738
Small,6,wasm,120498
Small,8,wasm,68164
Small,10,wasm,57329
Small,12,wasm,52684
Small,14,wasm,45880
Small,16,wasm,42118
Small,18,wasm,66854
Small,20,wasm,60619
Small,22,wasm,71944
Small,24,wasm,71760
Big,1,wasm,3645217
Big,2,wasm,2234560
Big,4,wasm,1501732
Big,6,wasm,983250
Big,8,wasm,973227
Big,10,wasm,779966
Big,12,wasm,526596
Big,14,wasm,393815
Big,16,wasm,307407
Big,18,wasm,531250
Big,20,wasm,417146
Big,22,wasm,411558
Big,24,wasm,412798
Tiny,1,wasm,10002
Tiny,2,wasm,8900
Tiny,4,wasm,8173
Tiny,6,wasm,7881
Tiny,8,wasm,7918
Tiny,10,wasm,8786
Tiny,12,wasm,11100
Tiny,14,wasm,11081
Tiny,16,wasm,15606
Tiny,18,wasm,19031
Tiny,20,wasm,18006
Tiny,22,wasm,21948
Tiny,24,wasm,21649
Small,1,wasm,723118
Small,2,wasm,236664
Small,4,wasm,123907
Small,6,wasm,86836
Small,8,wasm,69489
Small,10,wasm,57759
Small,12,wasm,60538
Small,14,wasm,74285
Small,16,wasm,43957
Small,18,wasm,44948
Small,20,wasm,49362
Small,22,wasm,67564
Small,24,wasm,76611
Big,1,wasm,3672535
Big,2,wasm,2550044
Big,4,wasm,1503628
Big,6,wasm,1122735
Big,8,wasm,923278
Big,10,wasm,767812
Big,12,wasm,474503
Big,14,wasm,558792
Big,16,wasm,319526
Big,18,wasm,286620
Big,20,wasm,317596
Big,22,wasm,338268
Big,24,wasm,379252
Tiny,1,wasm,10479
Tiny,2,wasm,7587
Tiny,4,wasm,7387
Tiny,6,wasm,7824
Tiny,8,wasm,10122
Tiny,10,wasm,10020
Tiny,12,wasm,10811
Tiny,14,wasm,13658
Tiny,16,wasm,14637
Tiny,18,wasm,15903
Tiny,20,wasm,19041
Tiny,22,wasm,19913
Tiny,24,wasm,25178
Small,1,wasm,357068
Small,2,wasm,311149
Small,4,wasm,123829
Small,6,wasm,86115
Small,8,wasm,69122
Small,10,wasm,93181
Small,12,wasm,94712
Small,14,wasm,49062
Small,16,wasm,58363
Small,18,wasm,46634
Small,20,wasm,73668
Small,22,wasm,69249
Small,24,wasm,73986
Big,1,wasm,3686200
Big,2,wasm,2222398
Big,4,wasm,1502468
Big,6,wasm,1129155
Big,8,wasm,570303
Big,10,wasm,610917
Big,12,wasm,473655
Big,14,wasm,424992
Big,16,wasm,504552
Big,18,wasm,278860
Big,20,wasm,511093
Big,22,wasm,398309
Big,24,wasm,428372
Tiny,1,wasm,9847
Tiny,2,wasm,8928
Tiny,4,wasm,7918
Tiny,6,wasm,8205
Tiny,8,wasm,9698
Tiny,10,wasm,9550
Tiny,12,wasm,12361
Tiny,14,wasm,13092
Tiny,16,wasm,14963
Tiny,18,wasm,18144
Tiny,20,wasm,15492
Tiny,22,wasm,22893
Tiny,24,wasm,23693
Small,1,wasm,769338
Small,2,wasm,243379
Small,4,wasm,246810
Small,6,wasm,87327
Small,8,wasm,69153
Small,10,wasm,58166
Small,12,wasm,50361
Small,14,wasm,67386
Small,16,wasm,47504
Small,18,wasm,66040
Small,20,wasm,44710
Small,22,wasm,62002
Small,24,wasm,76699
Big,1,wasm,3902331
Big,2,wasm,2558588
Big,4,wasm,1489993
Big,6,wasm,1112244
Big,8,wasm,1043516
Big,10,wasm,786624
Big,12,wasm,578406
Big,14,wasm,545666
Big,16,wasm,517040
Big,18,wasm,481905
Big,20,wasm,415118
Big,22,wasm,472698
Big,24,wasm,518301
Tiny,1,wasm,11423
Tiny,2,wasm,10046
Tiny,4,wasm,8618
Tiny,6,wasm,7969
Tiny,8,wasm,14158
Tiny,10,wasm,16298
Tiny,12,wasm,14451
Tiny,14,wasm,14296
Tiny,16,wasm,20925
Tiny,18,wasm,17065
Tiny,20,wasm,22155
Tiny,22,wasm,25867
Tiny,24,wasm,29015
Small,1,wasm,454095
Small,2,wasm,470941
Small,4,wasm,195765
Small,6,wasm,171637
Small,8,wasm,134395
Small,10,wasm,61889
Small,12,wasm,51947
Small,14,wasm,47002
Small,16,wasm,50217
Small,18,wasm,61708
Small,20,wasm,47344
Small,22,wasm,63080
Small,24,wasm,72680
Big,1,wasm,3985658
Big,2,wasm,2527766
Big,4,wasm,1503588
Big,6,wasm,1129353
Big,8,wasm,571381
Big,10,wasm,472069
Big,12,wasm,417033
Big,14,wasm,334648
Big,16,wasm,424657
Big,18,wasm,420160
Big,20,wasm,244801
Big,22,wasm,413087
Big,24,wasm,501164
Tiny,1,wasm,9496
Tiny,2,wasm,9445
Tiny,4,wasm,8041
Tiny,6,wasm,10425
Tiny,8,wasm,13603
Tiny,10,wasm,15081
Tiny,12,wasm,15766
Tiny,14,wasm,16866
Tiny,16,wasm,17573
Tiny,18,wasm,22228
Tiny,20,wasm,23224
Tiny,22,wasm,24801
Tiny,24,wasm,27623
Small,1,wasm,452808
Small,2,wasm,244303
Small,4,wasm,123462
Small,6,wasm,86822
Small,8,wasm,127946
Small,10,wasm,57734
Small,12,wasm,64270
Small,14,wasm,60588
Small,16,wasm,48813
Small,18,wasm,52305
Small,20,wasm,79032
Small,22,wasm,88759
Small,24,wasm,68286
Big,1,wasm,3656134
Big,2,wasm,2551665
Big,4,wasm,1499539
Big,6,wasm,1117017
Big,8,wasm,919091
Big,10,wasm,762925
Big,12,wasm,394524
Big,14,wasm,376824
Big,16,wasm,545677
Big,18,wasm,536069
Big,20,wasm,257624
Big,22,wasm,351578
Big,24,wasm,349915
Tiny,1,wasm,10009
Tiny,2,wasm,8881
Tiny,4,wasm,6848
Tiny,6,wasm,7147
Tiny,8,wasm,8392
Tiny,10,wasm,8726
Tiny,12,wasm,12177
Tiny,14,wasm,13959
Tiny,16,wasm,12122
Tiny,18,wasm,16200
Tiny,20,wasm,20825
Tiny,22,wasm,21043
Tiny,24,wasm,21675
Small,1,wasm,417730
Small,2,wasm,244423
Small,4,wasm,122989
Small,6,wasm,90120
Small,8,wasm,68578
Small,10,wasm,56558
Small,12,wasm,50189
Small,14,wasm,63810
Small,16,wasm,56389
Small,18,wasm,45933
Small,20,wasm,46196
Small,22,wasm,67220
Small,24,wasm,71600
Big,1,wasm,3554701
Big,2,wasm,2192075
Big,4,wasm,1450416
Big,6,wasm,1107246
Big,8,wasm,955668
Big,10,wasm,754192
Big,12,wasm,434402
Big,14,wasm,337951
Big,16,wasm,469448
Big,18,wasm,382874
Big,20,wasm,263801
Big,22,wasm,366382
Big,24,wasm,421560
Tiny,1,wasm,11104
Tiny,2,wasm,9044
Tiny,4,wasm,8331
Tiny,6,wasm,8284
Tiny,8,wasm,10390
Tiny,10,wasm,13743
Tiny,12,wasm,15530
Tiny,14,wasm,16025
Tiny,16,wasm,18098
Tiny,18,wasm,20931
Tiny,20,wasm,22416
Tiny,22,wasm,24608
Tiny,24,wasm,25592
Small,1,wasm,734128
Small,2,wasm,244676
Small,4,wasm,203447
Small,6,wasm,87132
Small,8,wasm,69282
Small,10,wasm,59916
Small,12,wasm,53136
Small,14,wasm,47347
Small,16,wasm,74445
Small,18,wasm,46118
Small,20,wasm,43786
Small,22,wasm,73955
Small,24,wasm,69801
Big,1,wasm,3632828
Big,2,wasm,2520383
Big,4,wasm,1503666
Big,6,wasm,1130518
Big,8,wasm,614261
Big,10,wasm,653879
Big,12,wasm,654711
Big,14,wasm,346134
Big,16,wasm,469682
Big,18,wasm,357957
Big,20,wasm,278818
Big,22,wasm,356956
Big,24,wasm,383631
Tiny,1,wasm,10019
Tiny,2,wasm,8580
Tiny,4,wasm,6962
Tiny,6,wasm,7878
Tiny,8,wasm,7165
Tiny,10,wasm,11042
Tiny,12,wasm,11151
Tiny,14,wasm,12640
Tiny,16,wasm,15137
Tiny,18,wasm,16899
Tiny,20,wasm,16933
Tiny,22,wasm,20516
Tiny,24,wasm,22237
Small,1,wasm,480546
Small,2,wasm,343305
Small,4,wasm,124076
Small,6,wasm,86533
Small,8,wasm,69862
Small,10,wasm,94192
Small,12,wasm,55264
Small,14,wasm,48413
Small,16,wasm,45216
Small,18,wasm,46262
Small,20,wasm,60068
Small,22,wasm,79439
Small,24,wasm,71877
Big,1,wasm,4128010
Big,2,wasm,2452610
Big,4,wasm,948339
Big,6,wasm,678649
Big,8,wasm,788187
Big,10,wasm,784225
Big,12,wasm,497353
Big,14,wasm,458873
Big,16,wasm,330482
Big,18,wasm,272323
Big,20,wasm,299111
Big,22,wasm,319636
Big,24,wasm,371297
Tiny,1,wasm-pool,17042
Tiny,2,wasm-pool,9818
Tiny,4,wasm-pool,8075
Tiny,6,wasm-pool,9965
Tiny,8,wasm-pool,13124
Tiny,10,wasm-pool,14943
Tiny,12,wasm-pool,13864
Tiny,14,wasm-pool,11003
Tiny,16,wasm-pool,17950
Tiny,18,wasm-pool,21523
Tiny,20,wasm-pool,23247
Tiny,22,wasm-pool,24102
Tiny,24,wasm-pool,25236
Small,1,wasm-pool,729900
Small,2,wasm-pool,230010
Small,4,wasm-pool,132005
Small,6,wasm-pool,82289
Small,8,wasm-pool,66069
Small,10,wasm-pool,55738
Small,12,wasm-pool,47274
Small,14,wasm-pool,56331
Small,16,wasm-pool,61887
Small,18,wasm-pool,59719
Small,20,wasm-pool,45742
Small,22,wasm-pool,62041
Small,24,wasm-pool,65090
Big,1,wasm-pool,3367945
Big,2,wasm-pool,1755175
Big,4,wasm-pool,1265287
Big,6,wasm-pool,715116
Big,8,wasm-pool,730113
Big,10,wasm-pool,753130
Big,12,wasm-pool,497213
Big,14,wasm-pool,354933
Big,16,wasm-pool,418756
Big,18,wasm-pool,253391
Big,20,wasm-pool,228268
Big,22,wasm-pool,329873
Big,24,wasm-pool,354226
Tiny,1,wasm-pool,13641
Tiny,2,wasm-pool,7385
Tiny,4,wasm-pool,6285
Tiny,6,wasm-pool,6885
Tiny,8,wasm-pool,8403
Tiny,10,wasm-pool,10384
Tiny,12,wasm-pool,13470
Tiny,14,wasm-pool,13896
Tiny,16,wasm-pool,12631
Tiny,18,wasm-pool,14292
Tiny,20,wasm-pool,18302
Tiny,22,wasm-pool,18077
Tiny,24,wasm-pool,18757
Small,1,wasm-pool,500961
Small,2,wasm-pool,247343
Small,4,wasm-pool,117645
Small,6,wasm-pool,81081
Small,8,wasm-pool,65247
Small,10,wasm-pool,55705
Small,12,wasm-pool,48835
Small,14,wasm-pool,71043
Small,16,wasm-pool,45216
Small,18,wasm-pool,60939
Small,20,wasm-pool,54748
Small,22,wasm-pool,66153
Small,24,wasm-pool,65056
Big,1,wasm-pool,3750412
Big,2,wasm-pool,1720632
Big,4,wasm-pool,1434261
Big,6,wasm-pool,907493
Big,8,wasm-pool,592930
Big,10,wasm-pool,590153
Big,12,wasm-pool,647909
Big,14,wasm-pool,325653
Big,16,wasm-pool,438516
Big,18,wasm-pool,305334
Big,20,wasm-pool,238550
Big,22,wasm-pool,309543
Big,24,wasm-pool,314286
Tiny,1,wasm-pool,8432
Tiny,2,wasm-pool,5912
Tiny,4,wasm-pool,5675
Tiny,6,wasm-pool,7119
Tiny,8,wasm-pool,6924
Tiny,10,wasm-pool,10415
Tiny,12,wasm-pool,10758
Tiny,14,wasm-pool,12405
Tiny,16,wasm-pool,13961
Tiny,18,wasm-pool,10913
Tiny,20,wasm-pool,15360
Tiny,22,wasm-pool,19280
Tiny,24,wasm-pool,20415
Small,1,wasm-pool,338001
Small,2,wasm-pool,386893
Small,4,wasm-pool,116313
Small,6,wasm-pool,115674
Small,8,wasm-pool,64599
Small,10,wasm-pool,53577
Small,12,wasm-pool,50476
Small,14,wasm-pool,60273
Small,16,wasm-pool,60138
Small,18,wasm-pool,42032
Small,20,wasm-pool,44711
Small,22,wasm-pool,71074
Small,24,wasm-pool,59980
Big,1,wasm-pool,3476759
Big,2,wasm-pool,1723201
Big,4,wasm-pool,1312376
Big,6,wasm-pool,719934
Big,8,wasm-pool,849042
Big,10,wasm-pool,448346
Big,12,wasm-pool,367258
Big,14,wasm-pool,604265
Big,16,wasm-pool,294288
Big,18,wasm-pool,411509
Big,20,wasm-pool,261987
Big,22,wasm-pool,318233
Big,24,wasm-pool,358167
Tiny,1,wasm-pool,8276
Tiny,2,wasm-pool,7463
Tiny,4,wasm-pool,7049
Tiny,6,wasm-pool,6865
Tiny,8,wasm-pool,6910
Tiny,10,wasm-pool,10777
Tiny,12,wasm-pool,12678
Tiny,14,wasm-pool,9399
Tiny,16,wasm-pool,13871
Tiny,18,wasm-pool,13616
Tiny,20,wasm-pool,17591
Tiny,22,wasm-pool,18848
Tiny,24,wasm-pool,20459
Small,1,wasm-pool,569369
Small,2,wasm-pool,456804
Small,4,wasm-pool,178084
Small,6,wasm-pool,159919
Small,8,wasm-pool,65862
Small,10,wasm-pool,56152
Small,12,wasm-pool,54720
Small,14,wasm-pool,44789
Small,16,wasm-pool,70053
Small,18,wasm-pool,40958
Small,20,wasm-pool,74649
Small,22,wasm-pool,65026
Small,24,wasm-pool,61482
Big,1,wasm-pool,3748989
Big,2,wasm-pool,1721197
Big,4,wasm-pool,1352968
Big,6,wasm-pool,1009509
Big,8,wasm-pool,716613
Big,10,wasm-pool,729084
Big,12,wasm-pool,438680
Big,14,wasm-pool,320932
Big,16,wasm-pool,453741
Big,18,wasm-pool,340906
Big,20,wasm-pool,234720
Big,22,wasm-pool,380351
Big,24,wasm-pool,372994
Tiny,1,wasm-pool,8316
Tiny,2,wasm-pool,7544
Tiny,4,wasm-pool,6448
Tiny,6,wasm-pool,6715
Tiny,8,wasm-pool,6406
Tiny,10,wasm-pool,10227
Tiny,12,wasm-pool,9665
Tiny,14,wasm-pool,12233
Tiny,16,wasm-pool,11532
Tiny,18,wasm-pool,15081
Tiny,20,wasm-pool,17393
Tiny,22,wasm-pool,19770
Tiny,24,wasm-pool,20845
Small,1,wasm-pool,456613
Small,2,wasm-pool,241784
Small,4,wasm-pool,117453
Small,6,wasm-pool,81441
Small,8,wasm-pool,65575
Small,10,wasm-pool,56095
Small,12,wasm-pool,48502
Small,14,wasm-pool,63221
Small,16,wasm-pool,45296
Small,18,wasm-pool,43190
Small,20,wasm-pool,60662
Small,22,wasm-pool,69876
Small,24,wasm-pool,62444
Big,1,wasm-pool,3783084
Big,2,wasm-pool,1993652
Big,4,wasm-pool,1091348
Big,6,wasm-pool,995562
Big,8,wasm-pool,490363
Big,10,wasm-pool,509027
Big,12,wasm-pool,610826
Big,14,wasm-pool,366176
Big,16,wasm-pool,279365
Big,18,wasm-pool,404295
Big,20,wasm-pool,272665
Big,22,wasm-pool,356208
Big,24,wasm-pool,391307
Tiny,1,wasm-pool,10484
Tiny,2,wasm-pool,9194
Tiny,4,wasm-pool,7185
Tiny,6,wasm-pool,6859
Tiny,8,wasm-pool,6353
Tiny,10,wasm-pool,10237
Tiny,12,wasm-pool,11414
Tiny,14,wasm-pool,13011
Tiny,16,wasm-pool,16686
Tiny,18,wasm-pool,16264
Tiny,20,wasm-pool,16765
Tiny,22,wasm-pool,18820
Tiny,24,wasm-pool,21082
Small,1,wasm-pool,709315
Small,2,wasm-pool,229771
Small,4,wasm-pool,167861
Small,6,wasm-pool,82815
Small,8,wasm-pool,65933
Small,10,wasm-pool,56468
Small,12,wasm-pool,48878
Small,14,wasm-pool,47295
Small,16,wasm-pool,46131
Small,18,wasm-pool,43290
Small,20,wasm-pool,68651
Small,22,wasm-pool,74894
Small,24,wasm-pool,60678
Big,1,wasm-pool,3756171
Big,2,wasm-pool,2417593
Big,4,wasm-pool,1443959
Big,6,wasm-pool,1060614
Big,8,wasm-pool,864565
Big,10,wasm-pool,665574
Big,12,wasm-pool,663034
Big,14,wasm-pool,328331
Big,16,wasm-pool,504181
Big,18,wasm-pool,475131
Big,20,wasm-pool,395583
Big,22,wasm-pool,360745
Big,24,wasm-pool,341799
Tiny,1,wasm-pool,11321
Tiny,2,wasm-pool,9174
Tiny,4,wasm-pool,6896
Tiny,6,wasm-pool,6042
Tiny,8,wasm-pool,7335
Tiny,10,wasm-pool,8587
Tiny,12,wasm-pool,10558
Tiny,14,wasm-pool,13442
Tiny,16,wasm-pool,14410
Tiny,18,wasm-pool,19771
Tiny,20,wasm-pool,19470
Tiny,22,wasm-pool,23342
Tiny,24,wasm-pool,23171
Small,1,wasm-pool,414102
Small,2,wasm-pool,230065
Small,4,wasm-pool,117973
Small,6,wasm-pool,115237
Small,8,wasm-pool,66758
Small,10,wasm-pool,54301
Small,12,wasm-pool,70138
Small,14,wasm-pool,44594
Small,16,wasm-pool,45133
Small,18,wasm-pool,52742
Small,20,wasm-pool,57728
Small,22,wasm-pool,80249
Small,24,wasm-pool,63609
Big,1,wasm-pool,3367160
Big,2,wasm-pool,2412303
Big,4,wasm-pool,1426865
Big,6,wasm-pool,1070380
Big,8,wasm-pool,864218
Big,10,wasm-pool,582468
Big,12,wasm-pool,619116
Big,14,wasm-pool,604979
Big,16,wasm-pool,297510
Big,18,wasm-pool,401415
Big,20,wasm-pool,373488
Big,22,wasm-pool,363950
Big,24,wasm-pool,331367
Tiny,1,wasm-pool,9411
Tiny,2,wasm-pool,7924
Tiny,4,wasm-pool,5690
Tiny,6,wasm-pool,7049
Tiny,8,wasm-pool,6905
Tiny,10,wasm-pool,8246
Tiny,12,wasm-pool,11697
Tiny,14,wasm-pool,13795
Tiny,16,wasm-pool,12459
Tiny,18,wasm-pool,14992
Tiny,20,wasm-pool,16294
Tiny,22,wasm-pool,19145
Tiny,24,wasm-pool,21230
Small,1,wasm-pool,423745
Small,2,wasm-pool,405539
Small,4,wasm-pool,115723
Small,6,wasm-pool,128077
Small,8,wasm-pool,64906
Small,10,wasm-pool,55896
Small,12,wasm-pool,47825
Small,14,wasm-pool,63977
Small,16,wasm-pool,66466
Small,18,wasm-pool,44129
Small,20,wasm-pool,53308
Small,22,wasm-pool,70539
Small,24,wasm-pool,70005
Big,1,wasm-pool,3437757
Big,2,wasm-pool,1718607
Big,4,wasm-pool,1308371
Big,6,wasm-pool,634151
Big,8,wasm-pool,838026
Big,10,wasm-pool,512561
Big,12,wasm-pool,366697
Big,14,wasm-pool,598691
Big,16,wasm-pool,302023
Big,18,wasm-pool,374608
Big,20,wasm-pool,264857
Big,22,wasm-pool,300442
Big,24,wasm-pool,334692
Tiny,1,wasm-pool,9185
Tiny,2,wasm-pool,6615
Tiny,4,wasm-pool,6454
Tiny,6,wasm-pool,6464
Tiny,8,wasm-pool,7623
Tiny,10,wasm-pool,10816
Tiny,12,wasm-pool,13063
Tiny,14,wasm-pool,10154
Tiny,16,wasm-pool,12570
Tiny,18,wasm-pool,14264
Tiny,20,wasm-pool,14772
Tiny,22,wasm-pool,17579
Tiny,24,wasm-pool,19926
Small,1,wasm-pool,441798
Small,2,wasm-pool,224406
Small,4,wasm-pool,218818
Small,6,wasm-pool,83425
Small,8,wasm-pool,65802
Small,10,wasm-pool,55919
Small,12,wasm-pool,47749
Small,14,wasm-pool,44305
Small,16,wasm-pool,70577
Small,18,wasm-pool,68783
Small,20,wasm-pool,73334
Small,22,wasm-pool,65298
Small,24,wasm-pool,64302
Big,1,wasm-pool,3781463
Big,2,wasm-pool,2127335
Big,4,wasm-pool,1228550
Big,6,wasm-pool,1089463
Big,8,wasm-pool,542866
Big,10,wasm-pool,441450
Big,12,wasm-pool,363321
Big,14,wasm-pool,590605
Big,16,wasm-pool,327705
Big,18,wasm-pool,361761
Big,20,wasm-pool,245997
Big,22,wasm-pool,351733
Big,24,wasm-pool,378468
Tiny,1,wasm-pool,9213
Tiny,2,wasm-pool,6961
Tiny,4,wasm-pool,7213
Tiny,6,wasm-pool,5860
Tiny,8,wasm-pool,6720
Tiny,10,wasm-pool,8597
Tiny,12,wasm-pool,13190
Tiny,14,wasm-pool,12456
Tiny,16,wasm-pool,11418
Tiny,18,wasm-pool,16386
Tiny,20,wasm-pool,15882
Tiny,22,wasm-pool,21179
Tiny,24,wasm-pool,19120
Small,1,wasm-pool,686169
Small,2,wasm-pool,214978
Small,4,wasm-pool,116048
Small,6,wasm-pool,82717
Small,8,wasm-pool,92526
Small,10,wasm-pool,56678
Small,12,wasm-pool,50958
Small,14,wasm-pool,45494
Small,16,wasm-pool,44121
Small,18,wasm-pool,40909
Small,20,wasm-pool,54497
Small,22,wasm-pool,66770
Small,24,wasm-pool,72067
Big,1,wasm-pool,3453199
Big,2,wasm-pool,2420833
Big,4,wasm-pool,1442567
Big,6,wasm-pool,1056476
Big,8,wasm-pool,860547
Big,10,wasm-pool,644524
Big,12,wasm-pool,645394
Big,14,wasm-pool,330896
Big,16,wasm-pool,443196
Big,18,wasm-pool,331410
Big,20,wasm-pool,249551
Big,22,wasm-pool,318910
Big,24,wasm-pool,319997
Tiny,1,wasm-pool,12439
Tiny,2,wasm-pool,7287
Tiny,4,wasm-pool,6246
Tiny,6,wasm-pool,6695
Tiny,8,wasm-pool,8063
Tiny,10,wasm-pool,7569
Tiny,12,wasm-pool,8558
Tiny,14,wasm-pool,13389
Tiny,16,wasm-pool,13192
Tiny,18,wasm-pool,14597
Tiny,20,wasm-pool,16515
Tiny,22,wasm-pool,18509
Tiny,24,wasm-pool,20859
Small,1,wasm-pool,438596
Small,2,wasm-pool,230121
Small,4,wasm-pool,118058
Small,6,wasm-pool,151075
Small,8,wasm-pool,125291
Small,10,wasm-pool,54859
Small,12,wasm-pool,48139
Small,14,wasm-pool,59142
Small,16,wasm-pool,64000
Small,18,wasm-pool,70425
Small,20,wasm-pool,70178
Small,22,wasm-pool,66808
Small,24,wasm-pool,74628
Big,1,wasm-pool,3778700
Big,2,wasm-pool,1725352
Big,4,wasm-pool,1306173
Big,6,wasm-pool,896641
Big,8,wasm-pool,883437
Big,10,wasm-pool,729831
Big,12,wasm-pool,442566
Big,14,wasm-pool,318869
Big,16,wasm-pool,488684
Big,18,wasm-pool,385502
Big,20,wasm-pool,272203
Big,22,wasm-pool,314610
Big,24,wasm-pool,394601
Tiny,1,wasm-pool,9789
Tiny,2,wasm-pool,9313
Tiny,4,wasm-pool,6179
Tiny,6,wasm-pool,6487
Tiny,8,wasm-pool,6927
Tiny,10,wasm-pool,7813
Tiny,12,wasm-pool,10079
Tiny,14,wasm-pool,12169
Tiny,16,wasm-pool,12884
Tiny,18,wasm-pool,15489
Tiny,20,wasm-pool,14848
Tiny,22,wasm-pool,17918
Tiny,24,wasm-pool,20465
Small,1,wasm-pool,692365
Small,2,wasm-pool,222076
Small,4,wasm-pool,117438
Small,6,wasm-pool,94539
Small,8,wasm-pool,63349
Small,10,wasm-pool,55140
Small,12,wasm-pool,48440
Small,14,wasm-pool,45613
Small,16,wasm-pool,59997
Small,18,wasm-pool,48291
Small,20,wasm-pool,48894
Small,22,wasm-pool,69735
Small,24,wasm-pool,80359
Big,1,wasm-pool,3451854
Big,2,wasm-pool,1755326
Big,4,wasm-pool,1224565
Big,6,wasm-pool,634488
Big,8,wasm-pool,550780
Big,10,wasm-pool,503056
Big,12,wasm-pool,398452
Big,14,wasm-pool,321065
Big,16,wasm-pool,489760
Big,18,wasm-pool,394874
Big,20,wasm-pool,261360
Big,22,wasm-pool,327488
Big,24,wasm-pool,405741
Tiny,1,wasm-pool,8179
Tiny,2,wasm-pool,8033
Tiny,4,wasm-pool,6557
Tiny,6,wasm-pool,6864
Tiny,8,wasm-pool,8662
Tiny,10,wasm-pool,10962
Tiny,12,wasm-pool,10807
Tiny,14,wasm-pool,11884
Tiny,16,wasm-pool,14226
Tiny,18,wasm-pool,15124
Tiny,20,wasm-pool,14784
Tiny,22,wasm-pool,18754
Tiny,24,wasm-pool,21206
Small,1,wasm-pool,735440
Small,2,wasm-pool,228209
Small,4,wasm-pool,161376
Small,6,wasm-pool,161528
Small,8,wasm-pool,65769
Small,10,wasm-pool,54236
Small,12,wasm-pool,84546
Small,14,wasm-pool,46237
Small,16,wasm-pool,43027
Small,18,wasm-pool,49315
Small,20,wasm-pool,42174
Small,22,wasm-pool,59664
Small,24,wasm-pool,62799
Big,1,wasm-pool,3714504
Big,2,wasm-pool,2411205
Big,4,wasm-pool,1443747
Big,6,wasm-pool,1062524
Big,8,wasm-pool,867311
Big,10,wasm-pool,594403
Big,12,wasm-pool,654881
Big,14,wasm-pool,328593
Big,16,wasm-pool,488329
Big,18,wasm-pool,404864
Big,20,wasm-pool,245275
Big,22,wasm-pool,322123
Big,24,wasm-pool,365836
Tiny,1,wasm-pool,9699
Tiny,2,wasm-pool,7907
Tiny,4,wasm-pool,7132
Tiny,6,wasm-pool,7109
Tiny,8,wasm-pool,8918
Tiny,10,wasm-pool,10644
Tiny,12,wasm-pool,10670
Tiny,14,wasm-pool,10790
Tiny,16,wasm-pool,13381
Tiny,18,wasm-pool,15707
Tiny,20,wasm-pool,17391
Tiny,22,wasm-pool,14475
Tiny,24,wasm-pool,20000
Small,1,wasm-pool,603324
Small,2,wasm-pool,410822
Small,4,wasm-pool,117068
Small,6,wasm-pool,160518
Small,8,wasm-pool,66244
Small,10,wasm-pool,56860
Small,12,wasm-pool,65345
Small,14,wasm-pool,45835
Small,16,wasm-pool,42574
Small,18,wasm-pool,41352
Small,20,wasm-pool,74591
Small,22,wasm-pool,70731
Small,24,wasm-pool,62521
Big,1,wasm-pool,3744990
Big,2,wasm-pool,2422515
Big,4,wasm-pool,1449937
Big,6,wasm-pool,1067992
Big,8,wasm-pool,860372
Big,10,wasm-pool,626119
Big,12,wasm-pool,646580
Big,14,wasm-pool,331170
Big,16,wasm-pool,441063
Big,18,wasm-pool,393526
Big,20,wasm-pool,244779
Big,22,wasm-pool,397965
Big,24,wasm-pool,398446
Tiny,1,wasm-pool,8345
Tiny,2,wasm-pool,9099
Tiny,4,wasm-pool,6768
Tiny,6,wasm-pool,6895
Tiny,8,wasm-pool,6844
Tiny,10,wasm-pool,7859
Tiny,12,wasm-pool,10097
Tiny,14,wasm-pool,12232
Tiny,16,wasm-pool,14853
Tiny,18,wasm-pool,15797
Tiny,20,wasm-pool,17136
Tiny,22,wasm-pool,19063
Tiny,24,wasm-pool,19269
Small,1,wasm-pool,612750
Small,2,wasm-pool,223977
Small,4,wasm-pool,117085
Small,6,wasm-pool,82902
Small,8,wasm-pool,65329
Small,10,wasm-pool,54291
Small,12,wasm-pool,48193
Small,14,wasm-pool,48280
Small,16,wasm-pool,63079
Small,18,wasm-pool,43510
Small,20,wasm-pool,66193
Small,22,wasm-pool,56818
Small,24,wasm-pool,72124
Big,1,wasm-pool,3771465
Big,2,wasm-pool,2400612
Big,4,wasm-pool,886150
Big,6,wasm-pool,633813
Big,8,wasm-pool,533950
Big,10,wasm-pool,446695
Big,12,wasm-pool,370011
Big,14,wasm-pool,336922
Big,16,wasm-pool,427914
Big,18,wasm-pool,560452
Big,20,wasm-pool,332022
Big,22,wasm-pool,312796
Big,24,wasm-pool,342451
Tiny,1,wasm-pool,9184
Tiny,2,wasm-pool,8461
Tiny,4,wasm-pool,6531
Tiny,6,wasm-pool,6861
Tiny,8,wasm-pool,6859
Tiny,10,wasm-pool,8765
Tiny,12,wasm-pool,13077
Tiny,14,wasm-pool,11298
Tiny,16,wasm-pool,13970
Tiny,18,wasm-pool,9791
Tiny,20,wasm-pool,17183
Tiny,22,wasm-pool,19153
Tiny,24,wasm-pool,19561
Small,1,wasm-pool,431481
Small,2,wasm-pool,395258
Small,4,wasm-pool,116484
Small,6,wasm-pool,108305
Small,8,wasm-pool,64915
Small,10,wasm-pool,55527
Small,12,wasm-pool,49432
Small,14,wasm-pool,86725
Small,16,wasm-pool,41776
Small,18,wasm-pool,53271
Small,20,wasm-pool,58986
Small,22,wasm-pool,75085
Small,24,wasm-pool,69640
Big,1,wasm-pool,3458994
Big,2,wasm-pool,1721895
Big,4,wasm-pool,1394694
Big,6,wasm-pool,756051
Big,8,wasm-pool,878922
Big,10,wasm-pool,720448
Big,12,wasm-pool,450639
Big,14,wasm-pool,324483
Big,16,wasm-pool,459327
Big,18,wasm-pool,393918
Big,20,wasm-pool,237811
Big,22,wasm-pool,442920
Big,24,wasm-pool,492910
Tiny,1,wasm-pool,11621
Tiny,2,wasm-pool,8761
Tiny,4,wasm-pool,7698
Tiny,6,wasm-pool,7552
Tiny,8,wasm-pool,12653
Tiny,10,wasm-pool,14999
Tiny,12,wasm-pool,16429
Tiny,14,wasm-pool,12589
Tiny,16,wasm-pool,18620
Tiny,18,wasm-pool,18919
Tiny,20,wasm-pool,21807
Tiny,22,wasm-pool,23621
Tiny,24,wasm-pool,23891
Small,1,wasm-pool,432031
Small,2,wasm-pool,224040
Small,4,wasm-pool,116804
Small,6,wasm-pool,83158
Small,8,wasm-pool,68559
Small,10,wasm-pool,54453
Small,12,wasm-pool,61468
Small,14,wasm-pool,43354
Small,16,wasm-pool,41955
Small,18,wasm-pool,40700
Small,20,wasm-pool,60505
Small,22,wasm-pool,68330
Small,24,wasm-pool,62698
Big,1,wasm-pool,3783552
Big,2,wasm-pool,2471200
Big,4,wasm-pool,1142308
Big,6,wasm-pool,1083382
Big,8,wasm-pool,873681
Big,10,wasm-pool,714329
Big,12,wasm-pool,371379
Big,14,wasm-pool,571707
Big,16,wasm-pool,550191
Big,18,wasm-pool,260804
Big,20,wasm-pool,254272
Big,22,wasm-pool,307419
Big,24,wasm-pool,338980
Tiny,1,wasm-pool,11662
Tiny,2,wasm-pool,7667
Tiny,4,wasm-pool,6714
Tiny,6,wasm-pool,6626
Tiny,8,wasm-pool,6902
Tiny,10,wasm-pool,9866
Tiny,12,wasm-pool,11951
Tiny,14,wasm-pool,11509
Tiny,16,wasm-pool,12740
Tiny,18,wasm-pool,11474
Tiny,20,wasm-pool,16654
Tiny,22,wasm-pool,15590
Tiny,24,wasm-pool,21506
Small,1,wasm-pool,338830
Small,2,wasm-pool,206306
Small,4,wasm-pool,102754
Small,6,wasm-pool,81404
Small,8,wasm-pool,64397
Small,10,wasm-pool,53702
Small,12,wasm-pool,71503
Small,14,wasm-pool,44137
Small,16,wasm-pool,61562
Small,18,wasm-pool,42010
Small,20,wasm-pool,63082
Small,22,wasm-pool,58198
Small,24,wasm-pool,69368
Big,1,wasm-pool,4122280
Big,2,wasm-pool,2138978
Big,4,wasm-pool,1444383
Big,6,wasm-pool,1061898
Big,8,wasm-pool,866024
Big,10,wasm-pool,696622
Big,12,wasm-pool,667472
Big,14,wasm-pool,388369
Big,16,wasm-pool,292801
Big,18,wasm-pool,330343
Big,20,wasm-pool,231065
Big,22,wasm-pool,311287
Big,24,wasm-pool,309831
Tiny,1,wasm-pool,5240
Tiny,2,wasm-pool,7066
Tiny,4,wasm-pool,5477
Tiny,6,wasm-pool,5558
Tiny,8,wasm-pool,6648
Tiny,10,wasm-pool,7929
Tiny,12,wasm-pool,8863
Tiny,14,wasm-pool,11172
Tiny,16,wasm-pool,13148
Tiny,18,wasm-pool,12796
Tiny,20,wasm-pool,17517
Tiny,22,wasm-pool,16833
Tiny,24,wasm-pool,22066
Small,1,wasm-pool,338061
Small,2,wasm-pool,186897
Small,4,wasm-pool,96033
Small,6,wasm-pool,81379
Small,8,wasm-pool,62276
Small,10,wasm-pool,54891
Small,12,wasm-pool,79377
Small,14,wasm-pool,44825
Small,16,wasm-pool,73208
Small,18,wasm-pool,44695
Small,20,wasm-pool,56037
Small,22,wasm-pool,61811
Small,24,wasm-pool,72622
Big,1,wasm-pool,3980109
Big,2,wasm-pool,2426686
Big,4,wasm-pool,1439998
Big,6,wasm-pool,1056375
Big,8,wasm-pool,850678
Big,10,wasm-pool,560851
Big,12,wasm-pool,473795
Big,14,wasm-pool,345781
Big,16,wasm-pool,281975
Big,18,wasm-pool,373197
Big,20,wasm-pool,272009
Big,22,wasm-pool,318893
Big,24,wasm-pool,336587
Tiny,1,wasm-pool,8345
Tiny,2,wasm-pool,5857
Tiny,4,wasm-pool,6349
Tiny,6,wasm-pool,6807
Tiny,8,wasm-pool,6384
Tiny,10,wasm-pool,8055
Tiny,12,wasm-pool,12345
Tiny,14,wasm-pool,9745
Tiny,16,wasm-pool,14978
Tiny,18,wasm-pool,14611
Tiny,20,wasm-pool,15896
Tiny,22,wasm-pool,19226
Tiny,24,wasm-pool,21907
Small,1,wasm-pool,462339
Small,2,wasm-pool,230313
Small,4,wasm-pool,116922
Small,6,wasm-pool,82893
Small,8,wasm-pool,65737
Small,10,wasm-pool,55020
Small,12,wasm-pool,64058
Small,14,wasm-pool,45906
Small,16,wasm-pool,79427
Small,18,wasm-pool,49024
Small,20,wasm-pool,47365
Small,22,wasm-pool,60065
Small,24,wasm-pool,68686
Big,1,wasm-pool,3369342
Big,2,wasm-pool,1724098
Big,4,wasm-pool,1443860
Big,6,wasm-pool,1010498
Big,8,wasm-pool,856318
Big,10,wasm-pool,466511
Big,12,wasm-pool,371877
Big,14,wasm-pool,356672
Big,16,wasm-pool,454500
Big,18,wasm-pool,342935
Big,20,wasm-pool,239862
Big,22,wasm-pool,366594
Big,24,wasm-pool,349252
